id;prix
1;3.76943708131
2;3.38089791474
3;23.1103843212
4;35.603091898
5;166.950058149
6;18.725890971
7;1.93560856016
8;474.499732188
9;16.3638262034
10;8.1135578684
11;3.26016425628
12;5.5650860707
13;12.5848137398
14;6.08502394335
15;21.1480230103
16;233.211044622
17;3.52617438108
18;7.29556170156
19;3.80411181222
20;4.87461011775
21;8.25425230003
22;1.58856824716
23;23.1855193543
24;9.6320414274
25;6.34454646082
26;5.29088833053
27;3.12329813256
28;8.48305147208
29;13.4345526574
30;2.71104358704
31;9.65844140915
32;10.2626133546
33;5.02832155427
34;14.980875557
35;7.43693443468
36;3.51441975298
37;45.5454433752
38;24.0426937872
39;15.6808322095
40;104.071440439
41;6.06598237027
42;18.627997343
43;1.69233677901
44;8.03711292954
45;2.50246457225
46;5.18865638194
47;32.5334681399
48;8.13451974988
49;13.0635580186
50;7.53695290486
51;6.3819102381
52;6.33813877786
53;4.5847796265
54;14.167881539
55;130.880110253
56;3.57552654362
57;5.57982460095
58;6.35486764154
59;4.34521782296
60;16.1969743481
61;7.55200436244
62;207.357262383
63;6.00894132972
64;5.1513004053
65;6.76367548946
66;1.62161439502
67;8.6626114279
68;8.6626114279
69;29.5957003193
70;9.6320414274
71;1.59262539915
72;14.0521080859
73;5.07045327271
74;8.06909090317
75;2.89526149144
76;9.67117854891
77;6.54548177934
78;2.50936986674
79;9.38851528758
80;7.38621929797
81;64.4924812429
82;7.26754295104
83;15.4018465576
84;5.9572280429
85;7.88587070539
86;36.0015541272
87;2.67290897673
88;7.83868452324
89;8.3233256038
90;18.3485599986
91;22.4227575516
92;2.04748223808
93;27.3911617502
94;1.66421767139
95;6.36021190457
96;7.87364319557
97;60.1252426107
98;10.4826151665
99;1.13389651015
100;77.167913475
101;4.15815420772
102;32.9453502919
103;102.796918025
104;2.73785107634
105;5.07529770459
106;5.08343752959
107;3.26744550863
108;19.8785433023
109;6.19727295932
110;7.82468277048
111;1.83997021462
112;4.98539982974
113;18.8689111799
114;3.61144841879
115;1.41904350849
116;18.3399301062
117;2.9894157834
118;2.749789152
119;6.35995396775
120;1.65549937289
121;22.3826577305
122;1.76843072251
123;26.0822757088
124;177.120091252
125;4.45279251548
126;16.8114516517
127;54.3072940745
128;3.11478289374
129;18.5775834397
130;8.25425230003
131;10.3603621127
132;452.73479397
133;4.47864489585
134;20.6081880676
135;17.7756600184
136;4.20622121975
137;5.83636489607
138;17.169251266
139;1.87624334658
140;6.74864081761
141;1.76001104238
142;3.22169828665
143;43.0421946768
144;4.16408120624
145;5.52259799729
146;9.62181705702
147;27.5381685506
148;3.86972391128
149;18.4486753973
150;35.4901187494
151;18.7028168623
152;18.6355023353
153;9.90433340101
154;1.5204864525
155;3.8093077937
156;50.4109595609
157;2.11082583034
158;2.34913336221
159;2.74333482234
160;8.80348011351
161;15.8088429712
162;1.77827060711
163;4.83615932261
164;2.87378419326
165;3.24079922872
166;4.10928945219
167;3.13671887227
168;1.71486222658
169;20.4922228485
170;12.4715613276
171;6.20883684526
172;18.3989313964
173;14.8807136701
174;13.5364940108
175;3.42020936505
176;11.8901855141
177;8.17080625627
178;6.2975328665
179;33.7780118439
180;68.4661041848
181;22.3905426678
182;24.5931284923
183;6.35571234861
184;18.5095087775
185;104.991156623
186;3.61645931224
187;8.04021698987
188;8.91873633588
189;2.39545004812
190;39.4151209522
191;7.7518348395
192;2.33091285972
193;17.8551253836
194;6.50133623759
195;6.08542107528
196;14.3504579439
197;462.867094189
198;6.63771884165
199;58.5644173901
200;46.8764578408
201;4.76783110713
202;17.9221972098
203;9.42557186387
204;4.5264748023
205;12.2377705256
206;27.3269495828
207;6.35547945014
208;14.3755011931
209;38.9257494143
210;24.3505107471
211;17.0249618038
212;2.16460215816
213;18.86545243
214;73.7879497123
215;23.4163476885
216;20.6716337428
217;72.1938104781
218;13.1100188817
219;35.3325731583
220;5.39204804436
221;13.4261118864
222;4.92877566281
223;5.53606074061
224;5.12293616409
225;4.05475612174
226;10.186732235
227;20.6461838646
228;9.30008434763
229;4.21188233794
230;6.50332960997
231;32.9011293747
232;4.92645663442
233;3.11271832694
234;9.18228257936
235;7.12719562293
236;5.0972414854
237;7.18873087811
238;6.80283688001
239;4.13773134929
240;5.74873762892
241;161.341018236
242;19.0486303678
243;3.70012938522
244;16.867571835
245;18.6936114213
246;2.20317317418
247;6.44405468884
248;14.0786160994
249;6.35486764154
250;5.66045995994
251;7.06372328691
252;2.87451548627
253;38.0895395312
254;14.7670626078
255;80.7349431652
256;10.1065642004
257;6.8030660413
258;17.6610740572
259;10.3290642322
260;2.51888474824
261;7.92635862287
262;5.11793236198
263;6.33855123336
264;4.18477095718
265;92.9545879598
266;3.57548183825
267;18.472642769
268;1.9766147809
269;5.13146515528
270;12.353617404
271;3.70788781774
272;15.8152187816
273;1.97194471227
274;7.37719874939
275;52.4396473178
276;6.94718704677
277;6.56912157264
278;52.3401396102
279;65.4632497184
280;6.26797566925
281;56.2893655394
282;1.80133606068
283;210.443083458
284;2.16460215816
285;7.37719874939
286;6.99624963749
287;6.36544367317
288;187.547119444
289;6.97642473678
290;9.18228257936
291;5.66684214449
292;7.55401618134
293;3.37218578257
294;60.1056969278
295;6.91381518095
296;2.29588132089
297;16.5989070006
298;149.248974407
299;7.09817651571
300;5.08524167827
301;32.3901818658
302;52.327648316
303;2.00117824148
304;58.6311768724
305;3.7093453949
306;28.2192221459
307;69.4121816082
308;6.31473152783
309;6.53791963847
310;11.8568181544
311;23.7097141513
312;18.6287033624
313;6.04550329645
314;17.4780199292
315;6.66432370783
316;2.08505101151
317;51.5724017381
318;23.7718336332
319;2.59132360425
320;4.71322695508
321;1.39799442178
322;7.07919094097
323;6.02177163962
324;3.0776251241
325;1.90533232099
326;3.60511817921
327;5.09923041815
328;14.6001338219
329;7.67948350697
330;18.6808036112
331;6.02398617626
332;9.90142244575
333;115.535965033
334;25.4733837156
335;14.9812937568
336;44.6796301438
337;18.6355023353
338;46.7047064272
339;18.2109925133
340;7.53695290486
341;24.1198646141
342;7.76960588553
343;5.99899110326
344;43.9408545832
345;60.7456832132
346;1.14004008175
347;2.11954066821
348;12.5106433392
349;6.13978658556
350;1.76512833202
351;6.44766710719
352;44.0553624833
353;36.1714364502
354;1.50743625858
355;12.427261146
356;6.51405359503
357;60.6175677965
358;8.56535466727
359;43.4957944445
360;9.6563304684
361;165.485841719
362;3.18283109345
363;3.52907149928
364;6.20883684526
365;2.10966883989
366;12.5932815928
367;3.42011862796
368;7.96298112578
369;3.87015655196
370;206.519441012
371;16.9115875567
372;7.37719874939
373;6.88701749177
374;20.9328088381
375;3.1635562046
376;18.731660521
377;18.8689111799
378;6.3860186674
379;3.42020936505
380;25.145738644
381;6.26062033786
382;20.2868863386
383;2.19359338471
384;46.1535400342
385;5.95809522228
386;173.474286737
387;11.7246183333
388;8.1941000546
389;2.73020101635
390;23.0056221427
391;19.6404701989
392;5.03802459296
393;8.22852467433
394;20.2615902072
395;8.53108365218
396;18.6299879407
397;12.2343650871
398;31.7063338497
399;22.2684190068
400;4.4909785502
401;27.6946897756
402;5.89188751056
403;3.46415628505
404;1.65549937289
405;24.1198646141
406;1.83745314709
407;9.58160668594
408;4.5601230794
409;7.96106562757
410;6.5291108155
411;3.27584514433
412;6.7997205246
413;10.8967814647
414;8.12986304592
415;266.92155114
416;2.07987107377
417;24.0426937872
418;3.78289564284
419;3.73123443881
420;2.42475089827
421;19.9181736874
422;60.1056969278
423;481.991286326
424;8.14856405258
425;101.334199967
426;5.75795395504
427;2.98023721372
428;6.81047820067
429;81.0492627519
430;46.691743826
431;9.16869552796
432;66.6003852055
433;18.6042965142
434;33.8013158067
435;596.728307815
436;9.61000197485
437;75.7840602559
438;18.9664841436
439;15.4991415863
440;16.8389406392
441;2.13362970596
442;46.2986681441
443;42.1036417058
444;7.01622132745
445;3.33453051495
446;7.20912591813
447;7.05661831847
448;5.13207023029
449;26.4923377799
450;17.7756600184
451;1.93554959126
452;10.3966196323
453;5.07529770459
454;7.98126829048
455;238.860146124
456;28.5172301946
457;4.08507290789
458;8.00980606321
459;18.430558728
460;6.0535641919
461;1.93718241608
462;16.6647357872
463;6.37921537812
464;27.3911617502
465;6.54548177934
466;4.83615932261
467;10.9869455336
468;10.6093525033
469;8.7312238291
470;6.16213485076
471;1.08845931525
472;3.90653928328
473;55.3335315413
474;11.9268034779
475;41.9999390984
476;6.50133623759
477;64.1366640361
478;2.56557437499
479;8.52231933873
480;38.7899093257
481;22.0200456804
482;1.93895516652
483;8.70286189974
484;5.82612435296
485;7.26754295104
486;7.01622132745
487;9.61722612886
488;2.16515978435
489;25.8425896963
490;5.88102566077
491;9.45372306634
492;5.34352361072
493;13.545267956
494;5.55827921424
495;10.0739504009
496;6.35995396775
497;2.24218459176
498;7.91628303687
499;6.29748181408
500;3.40835842656
501;7.24473587335
502;5.31062386698
503;18.6042965142
504;30.8651427441
505;7.76767546896
506;6.22190321264
507;6.04395123628
508;6.51080823055
509;40.0858790588
510;8.15409780992
511;6.33355033062
512;54.1620752053
513;18.2184498102
514;14.8937862315
515;155.281427089
516;8.15814642694
517;14.5627818447
518;7.65796773389
519;5.34356962652
520;2.55431789497
521;20.9061178677
522;22.3405184503
523;15.0253803055
524;18.5665358433
525;5.11074221337
526;8.24280080915
527;18.6290482324
528;6.47167489292
529;42.9713794458
530;13.0635580186
531;6.51543266051
532;7.91628303687
533;10.7832025233
534;2.41531183373
535;6.51543266051
536;27.0349400035
537;18.5786250664
538;16.8740976612
539;8.11085394709
540;2.25418602816
541;6.36024128247
542;5.27281316956
543;59.4772116422
544;4.21188233794
545;3.81881243389
546;18.4318294233
547;68.3730454004
548;163.050826732
549;32.304379555
550;58.5938716644
551;5.91456397089
552;17.7502775357
553;20.2174710632
554;8.44273310059
555;5.74777134391
556;4.5790451075
557;13.4964636141
558;5.97110938159
559;14.92057696
560;14.7848807254
561;9.43865822934
562;6.36049745742
563;19.125250924
564;9.72005075149
565;3.77299929402
566;5.74316903383
567;9.47481437689
568;4.55177666039
569;1.59015362441
570;54.9895126893
571;76.7327426512
572;4.85344648166
573;454.801083169
574;8.12851605726
575;22.7248107382
576;10.1603662445
577;2.78460495403
578;16.9242439065
579;6.34673163125
580;14.3007382071
581;102.651416425
582;6.36007067297
583;6.35571234861
584;20.2615902072
585;103.610468018
586;1.95001351813
587;35.6129322797
588;16.3719453799
589;3.43035490707
590;32.461052366
591;7.14706133696
592;20.8453548954
593;37.4327879236
594;1.83997021462
595;1.60084304848
596;8.0684879278
597;3.27179232479
598;7.36449216604
599;5.7981716322
600;5.27949190654
601;78.4229925889
602;6.85123047875
603;3.67790794251
604;18.6334019029
605;9.47481437689
606;8.86307092656
607;2.61477696672
608;17.7756600184
609;1.66664912561
610;6.86711469059
611;5.27189487393
612;4.67769354364
613;2.82318801893
614;9.19975050223
615;20.9061178677
616;23.3355521833
617;44.1435945756
618;2.5783675877
619;14.1933453042
620;40.4356687327
621;6.36092402012
622;20.7685180006
623;5.26758921151
624;6.86272534977
625;7.26192959319
626;11.7893193732
627;18.2584560225
628;11.7021004306
629;6.53010761426
630;7.71458136708
631;6.89107861824
632;2.48485182643
633;27.0306287909
634;8.07204401532
635;15.3225879435
636;13.1813982664
637;17.5910392677
638;12.5106433392
639;37.6652860228
640;13.7117582579
641;4.60429820457
642;14.8807136701
643;7.53695290486
644;15.1145740629
645;18.1836411093
646;51.1054710306
647;2.52526953827
648;8.0684879278
649;1.77481472417
650;4.261204907
651;1.26290404407
652;29.0343431434
653;13.1448724154
654;12.502687423
655;10.8744224879
656;49.4863203093
657;12.0389799621
658;13.4345526574
659;13.4345526574
660;6.35979459183
661;45.4359107742
662;8.36863985663
663;18.2109925133
664;4.20251907722
665;2.20551201863
666;5.54372342267
667;2.63027836395
668;4.5199483535
669;17.1382484422
670;5.2912202003
671;2.41118979224
672;117.790773557
673;6.35978089282
674;6.02592992644
675;1.90476320058
676;2.56288760086
677;2.5783675877
678;2.39307557713
679;6.51787696146
680;16.2855422612
681;1.88090222285
682;135.850271249
683;15.4805273292
684;4.4909785502
685;23.1793650374
686;7.55301045628
687;4.98162447014
688;22.9403678252
689;6.93532768334
690;4.16443964307
691;3.49060587534
692;14.0275525283
693;1.83396669918
694;17.8097902549
695;1.71486222658
696;14.3065208834
697;6.38913327723
698;7.49492814963
699;36.3184024544
700;56.3273735813
701;33.5807261893
702;65.1066311835
703;2.54565215452
704;8.68496563659
705;2.72753306239
706;6.36048575197
707;1.76997484162
708;14.8130144859
709;17.0568882819
710;18.3683978911
711;3.12408481816
712;3.3954718978
713;13.1100188817
714;6.53791963847
715;27.5112637177
716;2.8677474968
717;25.8957565167
718;26.7514498982
719;2.43829993614
720;3.03514222621
721;2.30426307249
722;9.28297798854
723;27.6567734045
724;7.36400807682
725;39.1117917826
726;33.9941059825
727;12.427261146
728;24.8510681511
729;14.8707234319
730;10.5237400694
731;4.41252895516
732;6.47462623909
733;22.0835496028
734;14.2006604416
735;31.1893644561
736;1.73106556502
737;3.70552478822
738;4.97613289992
739;23.7225424782
740;2.78521131686
741;41.8623357544
742;3.69156480727
743;2.32315903846
744;6.16492883466
745;12.4485834278
746;34.6483672483
747;23.7225424782
748;20.4287563419
749;22.5256888504
750;11.5113175712
751;15.3284812331
752;16.0782039595
753;1.97823157181
754;2.053544137
755;9.62181705702
756;36.3988762159
757;6.35995396775
758;6.38945652283
759;1.42348972798
760;102.84547171
761;18.7981022783
762;21.6867331608
763;6.08542107528
764;5.58255004933
765;17.8498796309
766;9.26373694016
767;4.41281162266
768;5.29034139276
769;7.64946633355
770;2.75831891031
771;4.97021238335
772;30.1571362245
773;4.57361423974
774;31.3402937414
775;6.52825805401
776;55.287547857
777;4.08507290789
778;18.615617908
779;6.36035791688
780;2.05708111815
781;3.13095433201
782;7.2076239721
783;4.05545906372
784;2.97327529737
785;1.67976039785
786;11.1737733576
787;21.0522514901
788;13.4728721201
789;3.21628954907
790;12.427261146
791;14.4308689474
792;53.2408175376
793;1.97593270234
794;24.1198646141
795;8.36984649468
796;1.58880134354
797;19.8293917705
798;8.02559637849
799;68.3729794354
800;4.16353124473
801;7.72290983876
802;135.103853714
803;9.52920596966
804;44.372284925
805;30.1545566859
806;117.388171709
807;32.461052366
808;17.7602871319
809;23.7116050898
810;197.799133433
811;5.50589208594
812;4.82
813;8.388511929
814;8.0684879278
815;2.25961527529
816;6.25678374521
817;10.6710228275
818;3.55899597991
819;6.20883684526
820;403.179317844
821;6.31129494236
822;3.13095433201
823;4.63515893929
824;7.49555999604
825;20.2868863386
826;3.72233486139
827;3.86507692471
828;1.88721304761
829;17.9061448372
830;9.94283477204
831;24.5193954182
832;17.6635733101
833;4.76783110713
834;31.3114326592
835;25.1683644515
836;41.4397457205
837;1.76001104238
838;23.801366813
839;18.8689111799
840;3.65067492939
841;18.3683978911
842;4.14515636412
843;19.4287222484
844;2.46914934795
845;15.1691420108
846;20.8934611211
847;5.41157323065
848;2.90715042179
849;2.90388962645
850;22.0343090838
851;7.73047845216
852;7.94852766584
853;23.4830890895
854;6.36021190457
855;110.954050098
856;41.6891226497
857;62.4088663148
858;14.3504579439
859;8.73102155002
860;32.4460582776
861;16.8350680891
862;4.7797486106
863;3.25435750316
864;23.7616335072
865;4.49834738657
866;10.6660034404
867;5.67869663487
868;3.54175531548
869;13.6990097956
870;14.1344812744
871;32.5285127152
872;2.74607247377
873;23.7083060102
874;14.0275525283
875;13.7117582579
876;2.12003970775
877;10.7650409511
878;7.06583945416
879;23.71
880;4.7797486106
881;5.08154131099
882;6.97642473678
883;21.0514322842
884;23.71
885;4.11880462332
886;3.68035716938
887;6.16928828719
888;16.9094561099
889;35.8575401777
890;6.35995832096
891;9.67602238927
892;1.55266454265
893;3.95540836353
894;12.3308545435
895;5.48741355343
896;10.8549250086
897;6.31303053823
898;21.371918721
899;6.32090432019
900;4.90485418062
901;6.39819393459
902;21.9197166758
903;5.96887831845
904;2.29588132089
905;5.27281316956
906;7.98876256845
907;6.11799337561
908;4.0380281939
909;3.29959802697
910;6.36714526252
911;3.89096578526
912;6.53501453562
913;70.0437991028
914;35.8298187307
915;1.08
916;18.7073178385
917;13.45
918;5.92799328381
919;6.02428248274
920;2.9541298762
921;8.12305739281
922;10.982442301
923;31.1697270957
924;6.30137789597
925;3.19914310304
926;245.580675644
927;6.63771884165
928;4.05705770509
929;19.3718496691
930;2.55340751161
931;5.13478958829
932;4.71322695508
933;1.83844664674
934;2.69605255143
935;1.91945001992
936;47.3453968162
937;19.631390759
938;16.7710143559
939;2.72699730226
940;10.3603621127
941;17.8551253836
942;23.6785677413
943;14.900231302
944;5.63939168093
945;71.8815483985
946;5.86767360932
947;6.36518324183
948;13.9480848846
949;26.1184418184
950;6.93260908236
951;4.83852299486
952;42.1714537576
953;10.9839665456
954;51.4634655298
955;2.09319922886
956;36.6747285697
957;17.6925722233
958;22.0556864211
959;13.1100188817
960;43.2510389859
961;36.5863174588
962;20.2615902072
963;14.8450065442
964;6.97446073973
965;63.2230267222
966;18.9150229889
967;19.0115578529
968;25.1683644515
969;22.9546696222
970;7.4013045969
971;16.5789149174
972;6.65581468554
973;26.9818533582
974;2.55938817579
975;44.7757230264
976;5.72765165266
977;6.31792340062
978;3.70308964824
979;2.2349995484
980;3.12971457875
981;5.33678890281
982;3.13999048357
983;4.7797486106
984;17.6635733101
985;8.39988440838
986;65.4049836293
987;3.135853363
988;7.52994871026
989;1.54695728861
990;13.522911798
991;6.34638852463
992;27.1602824217
993;12.5106433392
994;5.42199891582
995;2.46915287827
996;5.16978659424
997;21.6867331608
998;5.74316903383
999;26.3141095311
1000;5.71819708199
1001;1.09776847583
1002;18.3414559471
1003;331.529910453
1004;2.16057159152
1005;3.15031255662
1006;5.10671899486
1007;1.51008888015
1008;1.7697126792
1009;8.19034663932
1010;12.2377705256
1011;3.27680354094
1012;2.98023854472
1013;1.76512833202
1014;25.9334876333
1015;19.8293917705
1016;18.6251343068
1017;28.1624818291
1018;6.08465896327
1019;22.3334612826
1020;8.69844872533
1021;2.66780809509
1022;6.98841722036
1023;4.79546116025
1024;46.0356102072
1025;15.8152187816
1026;3.72116699185
1027;17.8569701585
1028;28.801384734
1029;6.36920506115
1030;6.67262351703
1031;22.7248107382
1032;8.69535571913
1033;161.017912831
1034;4.7797486106
1035;2.10459096911
1036;7.34955373003
1037;6.47180515295
1038;7.24501939527
1039;6.16492883466
1040;10.0523201289
1041;7.30296239159
1042;1.68964001409
1043;5.46571929467
1044;14.0820484987
1045;6.35667909279
1046;2.04120519124
1047;6.94717724181
1048;21.7489459575
1049;6.35667909279
1050;3.09133498186
1051;18.5786250664
1052;6.36843140212
1053;9.64999645315
1054;4.25480683721
1055;46.9632972016
1056;23.3112628872
1057;30.4484139832
1058;6.35511042791
1059;20.6081880676
1060;9.6724337681
1061;3.93479651439
1062;9.58909568132
1063;2.04238962649
1064;1.51676547311
1065;2.4192205926
1066;5.09464939417
1067;2.81590512656
1068;3.11901316522
1069;1.81847996612
1070;6.54733709347
1071;17.8551253836
1072;5.28502831522
1073;5.48120060072
1074;90.5766474202
1075;1.26290404407
1076;4.07697721682
1077;17.2212830236
1078;2.08931055326
1079;29.0343431434
1080;13.545267956
1081;7.73047845216
1082;2.83302876331
1083;18.6290482324
1084;25.8536204201
1085;7.88587070539
1086;18.3414559471
1087;6.20339152936
1088;18.6299879407
1089;6.35995832096
1090;6.13806014696
1091;18.6334019029
1092;46.4651376861
1093;8.30585494013
1094;3.52540516043
1095;7.30554837524
1096;36.5686427012
1097;3.69232897611
1098;6.63074355033
1099;47.3524228188
1100;16.6083585714
1101;23.639275554
1102;13.1372299634
1103;18.931883838
1104;36.8332554996
1105;26.4433458366
1106;28.1220762227
1107;2.50288786773
1108;41.4397457205
1109;4.2149650524
1110;30.414319982
1111;2.26138704757
1112;8.33594316704
1113;7.92590061809
1114;6.15164760133
1115;1.55144936741
1116;6.35458365032
1117;1.58880134354
1118;1.87999486212
1119;1.48743430046
1120;6.20339152936
1121;26.3141095311
1122;86.4885787673
1123;10.9379673769
1124;42.3817861307
1125;8.92271350274
1126;16.6447318549
1127;17.1433929173
1128;2.23052204641
1129;5.20689451241
1130;17.5543148549
1131;3.564339141
1132;7.37719874939
1133;24.3135691739
1134;5.58769373799
1135;1.87993674544
1136;3.84103085274
1137;1.83602796263
1138;4.7767342138
1139;7.37840740193
1140;15.3216532509
1141;6.34801991814
1142;3.28820581475
1143;1.75799457951
1144;7.01622132745
1145;4.32194434504
1146;6.20377764636
1147;7.91893746691
1148;8.86307092656
1149;7.91775291326
1150;22.6941560815
1151;4.60388976342
1152;13.4261118864
1153;2.44608299806
1154;18.3813351651
1155;8.03625296283
1156;2.33208701173
1157;6.16492883466
1158;10.1870837517
1159;7.67948350697
1160;6.99753251989
1161;18.2860340348
1162;1.93444369711
1163;6.4182004945
1164;14.8937862315
1165;5.91991176363
1166;8.82158453972
1167;46.7382846646
1168;5.94478681961
1169;10.8367421645
1170;109.20689094
1171;45.5426814592
1172;12.0887631211
1173;3.42020936505
1174;6.85730853893
1175;17.6635733101
1176;8.04021698987
1177;6.53663706318
1178;3.06542757558
1179;11.1997778614
1180;2.36510458631
1181;5.29088833053
1182;17.2198718129
1183;2.62377052498
1184;5.04964656527
1185;3.78223084438
1186;7.36400807682
1187;17.9118381295
1188;2.53986468622
1189;29.0788515244
1190;6.21692575494
1191;377.883346002
1192;8.21013166059
1193;7.71114635489
1194;144.93
1195;4.15645596836
1196;13.4261118864
1197;23.7116050898
1198;5.35104973485
1199;1.52338858473
1200;23.5152681579
1201;34.8770062967
1202;47.0394303487
1203;16.0079183492
1204;7.82599215837
1205;11.9220783372
1206;41.9489650559
1207;10.7650409511
1208;4.85344648166
1209;9.77510505168
1210;10.9687903204
1211;5.44142591133
1212;16.8153836613
1213;10.8862886688
1214;1.83324926735
1215;16.2968603386
1216;1.45964572558
1217;6.35486764154
1218;7.27863272908
1219;4.17893061282
1220;22.0304486494
1221;1.98401513849
1222;6.32697810982
1223;6.33855123336
1224;466.969192059
1225;10.8299474806
1226;32.4460984176
1227;11.320042239
1228;2.16032493475
1229;6.85144170069
1230;4.88801827509
1231;5.26418013423
1232;4.37727484721
1233;18.6160857679
1234;12.172900384
1235;1.42126523854
1236;6.18318475015
1237;2.05857996603
1238;13.4728721201
1239;2.92167127903
1240;1.08
1241;9.5424207521
1242;4.86438951514
1243;3.16783837786
1244;15.6527894598
1245;40.3024692172
1246;3.70611352124
1247;9.94283477204
1248;14.5589064241
1249;15.1771202753
1250;1.78754931381
1251;23.6734174979
1252;6.36518324183
1253;6.35948454759
1254;17.9988434464
1255;2.42411795593
1256;2.39311311909
1257;27.817754239
1258;3.39075309635
1259;21.7489459575
1260;3.78670079494
1261;5.44142591133
1262;46.0641399473
1263;9.34253305926
1264;10.0246034715
1265;3.77893228074
1266;7.20922723101
1267;28.2714127026
1268;2.05230564267
1269;123.875418653
1270;291.622734923
1271;1.08000613764
1272;6.00643535544
1273;2.77060455022
1274;4.18808719312
1275;43.4862733874
1276;3.89642453964
1277;2.70430264746
1278;2.21449644348
1279;3.8466421763
1280;1.08
1281;6.35728084501
1282;3.2040682685
1283;6.36119389396
1284;6.3901495652
1285;4.79374330657
1286;13.2528553532
1287;13.4261118864
1288;17.0917183476
1289;16.5205127716
1290;2.52526953827
1291;5.70771835738
1292;10.4530553543
1293;5.11071070796
1294;65.5405583307
1295;3.564339141
1296;1.58880134354
1297;6.35571234861
1298;18.615617908
1299;42.9771344326
1300;7.41633927625
1301;16.2830210986
1302;1.47870305108
1303;15.6794357611
1304;7.13259600327
1305;8.00114642195
1306;4.05136413675
1307;8.85813520575
1308;7.39957132171
1309;5.87512446171
1310;1.79229840187
1311;14.2065713936
1312;6.35995479147
1313;7.89929857436
1314;8.66400161113
1315;4.15078606632
1316;522.038062032
1317;3.81863517895
1318;7.72987012943
1319;19.0360405392
1320;15.1502455533
1321;2.13153600214
1322;5.15403097667
1323;65.3330875544
1324;17.0681131641
1325;49.1947994205
1326;26.4366250233
1327;1.08000435776
1328;1.45964572558
1329;26.5247360452
1330;7.73047845216
1331;48.4329498631
1332;8.03305223359
1333;19.9317183651
1334;28.254012483
1335;10.2905776788
1336;2.61393875154
1337;3.60187627487
1338;25.1740793707
1339;5.25346309294
1340;3.69246511198
1341;5.74316903383
1342;47.1125427738
1343;494.177492603
1344;218.95547177
1345;13.45
1346;59.3511846722
1347;18.931883838
1348;12.0846994508
1349;22.3996989804
1350;73.7879497123
1351;21.0514322842
1352;3.61630478818
1353;2.61204261758
1354;14.0590243208
1355;3.50554624867
1356;34.0718288394
1357;21.3542263976
1358;4.15738665605
1359;2.05570182723
1360;16.5107289163
1361;3.20563388027
1362;11.6526979889
1363;17.7756600184
1364;7.39109426447
1365;8.12986304592
1366;21.0514322842
1367;30.5483545233
1368;7.57152830021
1369;5.16135572605
1370;8.80348011351
1371;2.72753306239
1372;47.3524228188
1373;11.6804347778
1374;5.70771835738
1375;3.33815888841
1376;3.91470930862
1377;7.47310919649
1378;2.77954770945
1379;1.62720380445
1380;16.1331430692
1381;16.9678604791
1382;11.8580585635
1383;18.0907446404
1384;32.0287694219
1385;7.07931445333
1386;11.1815737197
1387;18.3683978911
1388;18.91946813
1389;211.270093469
1390;19.5816493624
1391;6.98718161671
1392;21.0514322842
1393;7.99578128669
1394;17.6635733101
1395;10.7794751919
1396;21.9232071208
1397;6.10860289339
1398;8.70217578878
1399;13.9125402934
1400;23.7174236369
1401;3.3820429611
1402;12.8836681344
1403;7.72290983876
1404;2.90226216104
1405;8.36863985663
1406;5.05035407527
1407;10.3603621127
1408;3.87699992717
1409;14.1802480651
1410;9.19975050223
1411;36.9376912369
1412;6.36366766739
1413;7.37719874939
1414;5.65517430257
1415;31.8450322845
1416;2.34983446609
1417;6.4182004945
1418;67.0619698682
1419;3.91111818617
1420;7.72058079235
1421;18.7583915486
1422;52.3627770111
1423;3.22169828665
1424;2.22721440056
1425;5.50185637657
1426;6.60712401023
1427;1.79229840187
1428;3.69535668737
1429;14.8937862315
1430;431.74448961
1431;73.7879497123
1432;21.8057897246
1433;4.57361423974
1434;30.5298969344
1435;4.07398712992
1436;13.943390097
1437;31.0733661022
1438;176.689466944
1439;155.178832
1440;4.11966807042
1441;3.16230438858
1442;30.5483545233
1443;3.93609340022
1444;3.43652731951
1445;7.37719874939
1446;7.29237298761
1447;3.87865686052
1448;2.95436513209
1449;58.5644173901
1450;14.8374032417
1451;15.731954141
1452;5.9388332012
1453;4.75518671848
1454;6.29748181408
1455;7.73047845216
1456;24.1867845296
1457;4.92253512512
1458;3.27158796391
1459;12.5932815928
1460;4.19062432991
1461;3.60303153461
1462;7.20912591813
1463;7.88325412888
1464;5.66684214449
1465;11.547393112
1466;4.17276987161
1467;4.05136413675
1468;3.52907149928
1469;9.33871094781
1470;44.1522036199
1471;5.18865638194
1472;3.93289059356
1473;8.12986304592
1474;22.2657708681
1475;24.0426937872
1476;6.39819393459
1477;11.3905638679
1478;1.78468069717
1479;3.33815888841
1480;7.2076239721
1481;5.24114726605
1482;4.40724900994
1483;6.3595134368
1484;21.582191436
1485;110.296893156
1486;1.84195047222
1487;23.3447432489
1488;5.99416819103
1489;294.412388665
1490;9.6320414274
1491;24.7893594294
1492;1.97061188015
1493;1.58228535465
1494;4.82
1495;6.35069907426
1496;10.424360721
1497;1.4183370057
1498;1.46436596728
1499;4.38394682089
1500;19.002697449
1501;87.2538476702
1502;8.12938707039
1503;6.51543266051
1504;4.33094347288
1505;12.4702714779
1506;132.991038388
1507;7.88367091741
1508;7.37961476011
1509;1.46436596728
1510;3.76943708131
1511;3.84229783914
1512;2.87347844948
1513;3.76270314683
1514;8.21920067917
1515;3.61827894026
1516;103.076847168
1517;6.20883684526
1518;12.5848137398
1519;67.8714273132
1520;3.43026400694
1521;8.20702372838
1522;42.5496738251
1523;1.76001104238
1524;10.2236037978
1525;6.35938540368
1526;23.71
1527;7.35518010714
1528;6.2
1529;4.73696780469
1530;3.76339152758
1531;49.1079605503
1532;29.4072312421
1533;14.7848807254
1534;260.34897316
1535;17.9695918357
1536;7.36400807682
1537;3.02402595084
1538;2.69649645003
1539;7.60724481567
1540;7.71458136708
1541;4.98145088314
1542;20.5867426275
1543;13.45
1544;2.40294244676
1545;1.87277691988
1546;1.15637727971
1547;3.96439651371
1548;9.07623579565
1549;15.0453919385
1550;6.36518324183
1551;1.61420470049
1552;1.33799216017
1553;56.1943553832
1554;7.73047845216
1555;2.55411731187
1556;42.1540527489
1557;2.95789505594
1558;7.7623301297
1559;8.54390228026
1560;7.76960588553
1561;8.69671246052
1562;3.72405927455
1563;1.83745314709
1564;1.69922556079
1565;6.31476255909
1566;5.37822976147
1567;5.62249800563
1568;17.9972711699
1569;9.64437769432
1570;21.1181013599
1571;18.4510925469
1572;21.6719183551
1573;3.39135740846
1574;4.7797486106
1575;3.42020936505
1576;8.87358508155
1577;4.43023861996
1578;6.14581143252
1579;6.66529009841
1580;2.39307557713
1581;318.330304069
1582;5.18865638194
1583;6.60134450637
1584;5.13146515528
1585;9.99915622033
1586;158.279706225
1587;2.15357342141
1588;1.51736489785
1589;7.37840740193
1590;116.247913713
1591;2.41001925347
1592;108.378738373
1593;11.8629922616
1594;39.9040452914
1595;18.0642450427
1596;3.58748325216
1597;1.95001351813
1598;1.34793090948
1599;8.12938707039
1600;9.73594605837
1601;8.87205764753
1602;6.35771708684
1603;1.58880134354
1604;15.8152187816
1605;148.489177782
1606;45.2374220994
1607;1.53616797344
1608;31.76404235
1609;20.1900970619
1610;59.0318801075
1611;4.4909785502
1612;8.12789989146
1613;6.35957598011
1614;4.07398712992
1615;5.58180499304
1616;12.0881150164
1617;180.484014973
1618;14.8937862315
1619;6.31029117168
1620;11.4455069501
1621;2.18927634108
1622;22.0304486494
1623;5.37822976147
1624;18.6160857679
1625;5.05552934716
1626;4.87626519542
1627;6.54733709347
1628;18.6135904699
1629;11.7903326544
1630;5.37768476577
1631;17.1630360388
1632;21.0514322842
1633;20.1508684321
1634;1.98581864041
1635;2.99917467337
1636;9.22210006756
1637;1.13389651015
1638;6.51466437001
1639;54.6890145177
1640;6.4556381206
1641;41.6760449697
1642;6.26062033786
1643;1.52074537988
1644;5.86047516047
1645;6.20339152936
1646;2.14836318539
1647;46.6990105768
1648;4.15078606632
1649;23.7083060102
1650;5.48560837885
1651;6.38919662435
1652;6.2470561765
1653;14.9231635886
1654;20.2615902072
1655;5.05798261217
1656;5.41963563063
1657;7.34853789743
1658;1.67976039785
1659;7.01622132745
1660;18.668086946
1661;4.8388389297
1662;2.25201907081
1663;2.54993152764
1664;26.3515690429
1665;12.353617404
1666;2.86471311924
1667;5.26869139447
1668;14.5884600979
1669;2.97960980731
1670;37.1785168381
1671;1.45296009144
1672;9.58119612491
1673;7.12719562293
1674;6.50133623759
1675;11.6010485636
1676;21.0201679795
1677;9.33871094781
1678;8.16185512902
1679;22.0107386467
1680;4.36893965224
1681;19.9010245882
1682;4.98802276611
1683;16.1722980088
1684;13.1706330504
1685;3.71106297688
1686;11.0268410411
1687;4.22536518989
1688;239.086482701
1689;6.355534008
1690;7.76960588553
1691;6.82595999271
1692;10.397241446
1693;6.66401201728
1694;2.50354254624
1695;4.85702842662
1696;45.1967045936
1697;4.30854146841
1698;7.53695290486
1699;5.37332497014
1700;2.09903870419
1701;13.7013768019
1702;37.346275979
1703;2.16820529385
1704;31.8450322845
1705;21.6952366249
1706;7.15894840381
1707;2.58912833928
1708;3.37375536678
1709;7.26754295104
1710;3.76067977804
1711;4.7779108826
1712;55.3335315413
1713;6.37258881455
1714;4.82252226254
1715;8.96656146465
1716;20.8934611211
1717;5.10671899486
1718;10.1606637775
1719;18.3414559471
1720;41.656911032
1721;6.00962861073
1722;5.65097722565
1723;9.13495288545
1724;73.7879497123
1725;13.545267956
1726;8.45985418932
1727;26.0912842588
1728;100.04358017
1729;6.34746674607
1730;19.020400495
1731;6.68833716823
1732;1.74310072464
1733;33.4427674391
1734;8.46637612837
1735;33.9465181386
1736;1.73400859464
1737;8.69535571913
1738;12.0072281681
1739;10.2958474137
1740;7.7232808231
1741;1.76001104238
1742;3.53410873803
1743;4.1192407191
1744;7.72255403571
1745;3.17430160091
1746;5.19385179583
1747;6.35334997892
1748;14.9746006152
1749;1.72267762763
1750;23.9298374071
1751;15.3237298766
1752;30.2229071695
1753;6.20863605781
1754;7.91423262755
1755;22.3050474479
1756;11.0663406421
1757;18.5859498525
1758;1.97119706714
1759;18.4486753973
1760;6.39819393459
1761;3.87865686052
1762;27.0897754089
1763;19.4274223789
1764;1.43932857787
1765;6.11310616004
1766;10.186732235
1767;14.4761008522
1768;31.2586385173
1769;5.22262833989
1770;2.74333482234
1771;18.4778393282
1772;4.7797486106
1773;7.61443448328
1774;2.19359338471
1775;3.50216277315
1776;6.69373471414
1777;3.31513022949
1778;4.7797486106
1779;63.2578886898
1780;8.12670767717
1781;21.6867331608
1782;90.9406940468
1783;15.1922433563
1784;13.8055705812
1785;10.1606637775
1786;13.6497392024
1787;13.584038365
1788;53.9184346436
1789;9.89321163313
1790;12.5431741298
1791;1.71486222658
1792;9.68743844282
1793;11.3905638679
1794;18.5204013168
1795;46.7047064272
1796;6.21829623757
1797;16.6083585714
1798;5.47559649194
1799;7.92706636184
1800;5.74316903383
1801;7.44115177184
1802;31.7623248264
1803;28.2559039974
1804;2.12386921689
1805;65.7190261172
1806;3.69118067821
1807;11.8580585635
1808;18.0341816437
1809;11.5113175712
1810;3.64655932274
1811;6.87523080573
1812;2.94829789478
1813;389.69744677
1814;8.7312238291
1815;2.11570684608
1816;6.78136643767
1817;70.6293377787
1818;24.6750986847
1819;37.689634773
1820;2.58912833928
1821;6.26073139146
1822;17.0376090025
1823;16.9106530881
1824;5.37274877071
1825;131.038271049
1826;3.31063586343
1827;3.02523124221
1828;18.6753315819
1829;7.41026823649
1830;1.41904350849
1831;25.934860017
1832;1.31976671885
1833;1.62720380445
1834;6.51543266051
1835;1.90533232099
1836;6.70388309956
1837;7.87543650462
1838;2.97461124759
1839;130.553009761
1840;3.27635937734
1841;6.20339152936
1842;23.7174236369
1843;47.6084725834
1844;6.4556381206
1845;5.45092142275
1846;1.44579365539
1847;6.85730853893
1848;12.0477018757
1849;1.83619910831
1850;2.10211731576
1851;49.1118130831
1852;47.3524228188
1853;15.3208130391
1854;7.53695290486
1855;4.61065491496
1856;4.58597984684
1857;6.35771708684
1858;2.39307557713
1859;16.6793771357
1860;5.22368672208
1861;240.969969736
1862;36.9163441873
1863;5.18865638194
1864;3.18262911876
1865;20.8904429151
1866;2.33585363063
1867;15.6541813735
1868;23.2173653987
1869;34.618991312
1870;23.2173653987
1871;17.2741355098
1872;6.79938774744
1873;28.6702217537
1874;1.49451545174
1875;18.3462915829
1876;18.4379178293
1877;30.1299276897
1878;26.3319457275
1879;89.3714552008
1880;5.31678692213
1881;7.66501928036
1882;3.74444593057
1883;3.64968566731
1884;3.60881829181
1885;269.058367554
1886;8.06418958146
1887;1.8623443347
1888;2.47232177667
1889;4.54137999319
1890;34.0481043501
1891;8.66400161113
1892;61.8884753032
1893;386.903947155
1894;18.3238032514
1895;6.08542107528
1896;5.93787657529
1897;5.00462345844
1898;1.74983168764
1899;58.1958359169
1900;6.29748181408
1901;9.6320414274
1902;18.2052417438
1903;16.1331430692
1904;20.9090351132
1905;14.8707234319
1906;23.7083060102
1907;3.16116371861
1908;36.9236014342
1909;3.69034380667
1910;7.1472417555
1911;310.849182595
1912;18.5008419126
1913;2.84939348584
1914;3.65067492939
1915;6.35995396775
1916;11.2821880598
1917;18.7392593015
1918;25.0189845006
1919;17.1262957355
1920;5.45727051441
1921;20.2174710632
1922;27.4147209644
1923;21.0932751184
1924;6.12803531048
1925;5.27053674017
1926;4.85344648166
1927;6.20339152936
1928;7.02808954039
1929;18.617880914
1930;49.4707544648
1931;133.339751659
1932;2.17996056598
1933;18.4010381053
1934;20.0114108021
1935;20.884004833
1936;3.60650046736
1937;1.51507202348
1938;1.52308856861
1939;11.3006080519
1940;9.85475276564
1941;31.4628628833
1942;27.4757443965
1943;11.2279096525
1944;18.3637711332
1945;3.55232822463
1946;5.13081970936
1947;10.4112290164
1948;10.0739504009
1949;1.85684676773
1950;1.51953921353
1951;13.0583459386
1952;122.299037726
1953;4.66262722846
1954;30.4494926107
1955;7.73618181044
1956;1.08010020156
1957;5.63570712566
1958;2.10470060224
1959;8.0349444917
1960;3.68035716938
1961;7.70994416068
1962;124.901787857
1963;4.21188233794
1964;4.18877082207
1965;1.63508333514
1966;233.211044622
1967;3.19040451545
1968;23.71
1969;6.50803020274
1970;2.690101125
1971;30.2229071695
1972;197.432576159
1973;1.26290404407
1974;124.649079575
1975;22.8763904721
1976;17.9706178389
1977;31.1233777937
1978;18.4408958591
1979;6.34979309032
1980;1.58228535465
1981;6.02592992644
1982;1.58880134354
1983;6.63146890164
1984;6.71587589085
1985;17.5543148549
1986;1.86296604742
1987;16.7326861454
1988;3.67722720272
1989;6.0443153555
1990;7.34957618093
1991;3.19370347167
1992;5.44259951501
1993;2.93579893888
1994;59.4080252679
1995;4.35021004838
1996;2.35624391717
1997;25.041554268
1998;7.80765013063
1999;3.87743746607
2000;14.4145024966
2001;17.7756600184
2002;6.25572210329
2003;5.95999999367
2004;10.8901012861
2005;5.90118005543
2006;2.36403740105
2007;14.5523577466
2008;12.0103613748
2009;168.506017925
2010;4.56526131897
2011;14.8707234319
2012;209.548511345
2013;42.9726155898
2014;42.6719480391
2015;11.7893193732
2016;5.74316903383
2017;3.69323106205
2018;31.1299280602
2019;8.80764903733
2020;6.32321124496
2021;35.4435841807
2022;7.33732143607
2023;28.1180888467
2024;18.6133799206
2025;11.3786686348
2026;38.8295974915
2027;5.10612796276
2028;39.2209885924
2029;15.3246336965
2030;14.8569128321
2031;63.3739628389
2032;17.5142024221
2033;20.2615902072
2034;6.12803531048
2035;6.32517152017
2036;6.2545649089
2037;5.33394861736
2038;7.55067744304
2039;6.76884336998
2040;1.48675608362
2041;3.81881243389
2042;21.1181013599
2043;13.4345526574
2044;2.25402936829
2045;4.79374330657
2046;30.59021758
2047;9.93791897521
2048;8.06418958146
2049;1.08010020156
2050;28.692898373
2051;4.16991001295
2052;2.56257701319
2053;26.6657586514
2054;2.70962267348
2055;7.94852766584
2056;2.95575660655
2057;2.21972176667
2058;137.788530114
2059;11.8332762192
2060;36.8349634067
2061;15.3246336965
2062;7.53695290486
2063;15.478141454
2064;4.11312280871
2065;18.6135904699
2066;19.1224625358
2067;16.6083585714
2068;9.13495288545
2069;11.2279096525
2070;15.35286445
2071;15.0453919385
2072;18.3414559471
2073;28.4612739819
2074;70.2658953909
2075;5.54372342267
2076;6.0892708141
2077;5.27281316956
2078;8.77210388923
2079;3.87829210583
2080;27.1602824217
2081;8.13451974988
2082;1.54788843752
2083;14.8937862315
2084;3.70012938522
2085;8.1788709365
2086;25.7120549758
2087;6.36119905181
2088;18.4003624815
2089;12.5106433392
2090;4.41240379306
2091;5.73595160869
2092;6.50133623759
2093;10.8660085511
2094;6.43702042898
2095;8.8550296664
2096;38.8570297521
2097;3.60881829181
2098;1.89849144512
2099;32.4051474501
2100;14.8937862315
2101;18.5387400596
2102;5.33739057313
2103;3.94694179073
2104;4.17276987161
2105;6.51598445339
2106;31.7623248264
2107;5.08987379741
2108;67.0619698682
2109;29.7067565873
2110;11.0198769676
2111;4.56385467754
2112;2.19359338471
2113;23.3931549423
2114;13.7354006954
2115;1.74756520213
2116;1.7213357338
2117;97.9838145872
2118;6.35573362138
2119;5.0143690903
2120;53.4273139313
2121;18.6042965142
2122;0.961631967171
2123;6.35458365032
2124;5.01815643697
2125;5.28190073775
2126;2.82318801893
2127;3.77299929402
2128;15.2667295467
2129;6.30219057957
2130;5.01815643697
2131;7.20682299506
2132;14.1384375519
2133;144.838627744
2134;4.33899700785
2135;4.15225766263
2136;17.3226848516
2137;23.665242244
2138;5.9078281415
2139;2.36263894678
2140;6.3007736655
2141;3.26744550863
2142;6.40532113888
2143;60.6266668639
2144;8.1941000546
2145;2.18190032616
2146;294.412388665
2147;2.6017802584
2148;3.45975327984
2149;1.88923031068
2150;8.04376722683
2151;4.97613289992
2152;5.82324296257
2153;5.46864170823
2154;3.64655932274
2155;43.0054456106
2156;1.6743420083
2157;56.2038923694
2158;5.11517854385
2159;2.86035394899
2160;3.51441975298
2161;73.60624634
2162;6.68833716823
2163;7.99273644778
2164;3.8466421763
2165;9.65242452443
2166;21.2177673478
2167;9.42083607093
2168;9.13495288545
2169;65.5405583307
2170;165.519879955
2171;6.97642473678
2172;6.16840277242
2173;13.2496258255
2174;5.50815947386
2175;23.71
2176;3.60303153461
2177;7.46487825293
2178;2.05073835315
2179;41.6076930071
2180;19.9317183651
2181;5.10990353792
2182;7.99578128669
2183;12.8142466675
2184;31.1299280602
2185;3.72233486139
2186;7.76767546896
2187;8.69671246052
2188;25.2738555919
2189;3.00955125321
2190;13.9480848846
2191;5.70253283778
2192;1.33174917309
2193;13.5930771769
2194;150.021388287
2195;84.07164387
2196;2.93760323473
2197;4.57361423974
2198;10.0433966782
2199;84.7889860367
2200;20.5867426275
2201;7.01622132745
2202;42.3975620766
2203;29.4209979107
2204;8.47111405458
2205;3.50677888488
2206;7.60272862801
2207;2.82445056869
2208;2.68549130281
2209;7.38682347584
2210;2.09275137106
2211;1.58861476714
2212;7.44115177184
2213;6.35995832096
2214;4.77039725376
2215;17.8224692837
2216;26.0615760415
2217;14.8450065442
2218;17.3752869202
2219;4.50499010953
2220;6.18318475015
2221;6.51543266051
2222;2.34597714499
2223;6.48362070865
2224;3.95540836353
2225;41.656911032
2226;1.77180877889
2227;3.70552478822
2228;1.48880871117
2229;6.35667909279
2230;26.3964675871
2231;22.783599912
2232;27.4991716807
2233;1.83799996613
2234;2.80671791827
2235;5.06086449371
2236;14.0275525283
2237;5.57933351428
2238;7.1713317439
2239;28.7663399078
2240;25.7287674947
2241;18.3414559471
2242;7.71114635489
2243;46.0641399473
2244;213.597509941
2245;8.12986304592
2246;2.34597714499
2247;2.26536333465
2248;6.19557332843
2249;41.8953839352
2250;15.7587612185
2251;7.47310919649
2252;7.46777445457
2253;10.6750263396
2254;3.83748237908
2255;4.83615932261
2256;1.90163668088
2257;6.3901495652
2258;22.1299070773
2259;160.194152339
2260;18.4087782212
2261;3.91470930862
2262;2.91158466628
2263;3.549234783
2264;48.139463491
2265;7.68922711379
2266;38.8504202201
2267;18.1836411093
2268;2.51888474824
2269;6.38913327723
2270;7.73047845216
2271;5.50789317914
2272;12.357789573
2273;18.0911062215
2274;6.53998279128
2275;22.036764694
2276;2.22721440056
2277;6.76367548946
2278;18.8689111799
2279;9.30168500408
2280;1.17898393458
2281;6.16492883466
2282;4.16734583802
2283;1.58861476714
2284;13.063552444
2285;18.3003293395
2286;29.1196565132
2287;18.6355023353
2288;1.58880134354
2289;29.0164444301
2290;5.83630221645
2291;1.41587542584
2292;24.7309677015
2293;6.20883684526
2294;1.42820836107
2295;3.60881829181
2296;1.58471011275
2297;28.2192221459
2298;27.0190109265
2299;18.9656197102
2300;18.1520755196
2301;10.8479668343
2302;42.8876963109
2303;4.16408120624
2304;3.34523608521
2305;2.42314814398
2306;6.82552139259
2307;9.33871094781
2308;19.4237360502
2309;17.237283585
2310;1.93662592111
2311;50.5988149967
2312;1.42658114162
2313;3.60303153461
2314;21.0514322842
2315;33.4536158327
2316;10.832507878
2317;6.59999203762
2318;14.5872456277
2319;51.4264117538
2320;10.4856304771
2321;18.6211593955
2322;13.2496258255
2323;3.88345391665
2324;4.79830250829
2325;27.9674862654
2326;144.836649938
2327;14.5209641087
2328;17.4006205147
2329;18.6936114213
2330;18.0074554275
2331;1.51012912578
2332;7.37527773603
2333;4.94835998366
2334;18.3357344801
2335;3.22852744395
2336;7.32827274931
2337;13.45
2338;4.4909785502
2339;1.71486222658
2340;5.91496216896
2341;2.14825988225
2342;7.49555999604
2343;19.2105085031
2344;6.36049745742
2345;1.9945562253
2346;2.54725677131
2347;2.31374680403
2348;1.41938805528
2349;5.7040095926
2350;33.7780118439
2351;7.19389190234
2352;7.73618181044
2353;17.9083871767
2354;5.26769086804
2355;626.250412937
2356;22.0200456804
2357;66.2515604088
2358;183.331489589
2359;23.7225424782
2360;3.13186351472
2361;50.9118712387
2362;21.6360712566
2363;3.88345391665
2364;7.85180714997
2365;38.7899093257
2366;7.71114635489
2367;2.34597714499
2368;7.64973550828
2369;12.7275308607
2370;6.01933519419
2371;230.892996704
2372;1.70827275976
2373;18.6299879407
2374;9.60365097403
2375;23.7097141513
2376;32.304379555
2377;8.94374779242
2378;4.71647622212
2379;17.4574983108
2380;5.61484491572
2381;6.86711469059
2382;13.7013768019
2383;6.94840058456
2384;14.4145024966
2385;2.39809587373
2386;26.2838424382
2387;599.236613107
2388;3.94620876966
2389;2.45401041944
2390;3.93597791769
2391;18.3279609327
2392;4.40724900994
2393;2.44598007536
2394;3.11536665452
2395;1.87435974847
2396;6.35182782924
2397;2.12003970775
2398;61.6016266551
2399;6.84697563682
2400;13.45
2401;5.91774854647
2402;4.61013252506
2403;10.9887452209
2404;101.873348703
2405;3.76067977804
2406;128.979883438
2407;6.35474540448
2408;2.35813948791
2409;4.7797486106
2410;7.26754295104
2411;2.33958395108
2412;3.92691890068
2413;3.61602016423
2414;22.8018830174
2415;6.3901495652
2416;23.6185132381
2417;11.4188040322
2418;42.1649828449
2419;5.26418013423
2420;6.50030682488
2421;1.58879660156
2422;1.47507136627
2423;128.688255761
2424;9.90142244575
2425;3.06542757558
2426;8.6122274598
2427;6.35355965706
2428;5.25346309294
2429;36.7745031318
2430;3.93479651439
2431;1.37089363185
2432;6.35506756575
2433;9.81737223631
2434;7.95841939499
2435;3.65067492939
2436;30.3143177495
2437;8.0262610115
2438;2.201746052
2439;18.6295951469
2440;6.14731032248
2441;6.36857245447
2442;2.99898782286
2443;16.8389406392
2444;3.26901662274
2445;43.0295980826
2446;22.4181665264
2447;20.9339013736
2448;31.080493695
2449;6.10982980868
2450;13.1100188817
2451;6.00894132972
2452;1.91515390108
2453;6.20669011686
2454;5.42199891582
2455;37.4746912989
2456;12.0484445369
2457;21.7416324484
2458;3.48566648045
2459;1.77302144269
2460;6.35910289979
2461;1.41587542584
2462;103.327864935
2463;6.29493838356
2464;2.05972198952
2465;2.09893864169
2466;50.181984167
2467;12.060734046
2468;7.70994416068
2469;67.0619698682
2470;3.08879063877
2471;5.36362147997
2472;6.44165097538
2473;2.3086300683
2474;60.209597919
2475;29.0343431434
2476;3.33815888841
2477;2.68895855958
2478;24.1198646141
2479;3.03507624797
2480;1.62720380445
2481;7.49458337294
2482;12.7698787288
2483;8.08308581911
2484;21.7489459575
2485;44.2454468609
2486;6.98073195737
2487;23.3112628872
2488;7.36433347723
2489;1.08
2490;6.53417788353
2491;64.8627165762
2492;23.9177208114
2493;27.7770783491
2494;8.86307092656
2495;18.931883838
2496;3.89766913571
2497;1.13716728171
2498;5.84924280206
2499;7.53695290486
2500;2.16133462772
2501;2.52384007155
2502;14.650515778
2503;4.23346713386
2504;21.1594749626
2505;11.1171202077
2506;6.20339152936
2507;1.76001104238
2508;20.0008515722
2509;18.5627318379
2510;23.71
2511;2.03832870058
2512;24.0935931334
2513;14.8937862315
2514;7.01622132745
2515;3.91345718845
2516;46.9342692931
2517;5.11622191867
2518;18.6001791276
2519;17.9988434464
2520;17.8551253836
2521;3.79814313302
2522;2.17458719557
2523;3.2914581008
2524;2.59442611528
2525;22.1346357696
2526;2.46141519345
2527;10.7323716946
2528;1.46436596728
2529;7.91423262755
2530;4.80247484507
2531;101.913810024
2532;5.05552934716
2533;58.8319230089
2534;15.0383962124
2535;24.0426937872
2536;2.38596404143
2537;7.1713317439
2538;3.65067492939
2539;100.86195686
2540;29.2254740252
2541;18.6001791276
2542;65.4932632877
2543;14.8450065442
2544;18.6251343068
2545;5.49087450885
2546;12.5106433392
2547;8.13695166016
2548;1.83619910831
2549;19.1336065989
2550;22.3783351921
2551;5.35104973485
2552;8.03077089503
2553;3.97442269855
2554;146.343751844
2555;1.88721304761
2556;17.3752869202
2557;6.2
2558;52.8590745911
2559;2.35958985053
2560;7.43693443468
2561;107.123252985
2562;3.68035716938
2563;37.26655038
2564;3.7592947203
2565;9.88589556211
2566;3.50558187292
2567;2.95753536775
2568;18.6180376668
2569;4.49136097296
2570;1.9113255562
2571;2.45063490228
2572;1.41587542584
2573;5.27281316956
2574;1.25722501554
2575;7.53695290486
2576;6.7997205246
2577;4.05560035332
2578;1.69219033371
2579;4.05870965245
2580;2.45340079664
2581;17.3752869202
2582;3.14804496643
2583;611.539771768
2584;14.8937862315
2585;6.35986809868
2586;7.37840740193
2587;5.18865638194
2588;2.6223417142
2589;1.83619910831
2590;5.16603317658
2591;27.5002380642
2592;28.9160962912
2593;27.0897754089
2594;4.3740722665
2595;2.61204261758
2596;5.70225490496
2597;4.86500178577
2598;7.40814741173
2599;7.20922723101
2600;189.284263115
2601;4.71322695508
2602;9.82558485654
2603;10.2481106476
2604;19.9557827807
2605;12.7214290201
2606;32.4460582776
2607;9.5424207521
2608;8.76073534464
2609;7.63151501794
2610;25.6742731815
2611;20.2615902072
2612;6.35571234861
2613;511.520961446
2614;7.1472417555
2615;5.90414331829
2616;23.3842436276
2617;3.27656841154
2618;5.94478681961
2619;7.04987546526
2620;3.29373558352
2621;7.38621929797
2622;2.66621058164
2623;23.71
2624;1.68434263941
2625;3.73865577022
2626;2.24130899982
2627;34.4763374915
2628;13.0500464165
2629;2.40294244676
2630;11.6174395458
2631;6.53014313005
2632;17.6635733101
2633;41.8953839352
2634;18.6152994136
2635;2.17974237072
2636;14.8937862315
2637;8.06418958146
2638;8.12948227418
2639;5.29088833053
2640;56.8310496552
2641;1.78573230333
2642;10.8214157451
2643;8.63215681853
2644;4.46495729697
2645;5.10671842769
2646;18.6334019029
2647;4.35397159704
2648;8.67353172268
2649;1.87943409117
2650;9.47535512621
2651;22.2497943863
2652;2.10313463627
2653;2.75412769352
2654;15.0258251459
2655;6.51790697276
2656;9.78696465151
2657;2.38169318379
2658;5.08076396246
2659;12.8144283431
2660;19.0525040716
2661;4.97676873633
2662;1.88006976592
2663;21.4064218861
2664;2.8390104992
2665;1.17892163123
2666;1.6595517565
2667;47.3179984579
2668;9.40412012958
2669;7.95588707599
2670;4.86438951514
2671;200.54764051
2672;5.55493505316
2673;1.95596353065
2674;1.51736489785
2675;70.1286586194
2676;4.14184385444
2677;8.34852965131
2678;4.8774841321
2679;1.64901723903
2680;3.33815888841
2681;6.02618654361
2682;2.06638268484
2683;7.55067744304
2684;18.4761815167
2685;59.6910683715
2686;6.2
2687;7.73618181044
2688;4.24568183956
2689;5.45443256016
2690;19.3108171833
2691;9.52917984799
2692;1.92193876313
2693;7.78328972764
2694;25.6742731815
2695;3.64655932274
2696;7.34957618093
2697;18.1815975834
2698;25.2738555919
2699;7.50869698273
2700;4.55605616148
2701;22.5515517353
2702;6.36119389396
2703;3.13373518544
2704;24.3831171188
2705;3.22485492222
2706;20.0363538319
2707;2.49472223406
2708;22.5023741341
2709;8.13390639141
2710;3.57548183825
2711;13.9480848846
2712;1.42820836107
2713;6.27184721511
2714;4.56385467754
2715;5.20105129774
2716;102.866430035
2717;23.7111383871
2718;4.79830250829
2719;17.7756600184
2720;164.680229694
2721;56.1943553832
2722;86.1749363486
2723;6.16108683239
2724;16.5011640693
2725;75.8989692161
2726;2.42224712407
2727;6.25084242764
2728;1.76399069443
2729;6.35511042791
2730;3.86090041043
2731;177.487737642
2732;2.77239560921
2733;5.38379082559
2734;3.60303153461
2735;187.344471992
2736;22.3783351921
2737;6.88191838692
2738;2.43439021031
2739;6.88571749419
2740;10.1606637775
2741;5.37632996501
2742;1.49864242925
2743;18.3637711332
2744;19.715516878
2745;20.8661405358
2746;5.07529770459
2747;5.57878497871
2748;1.86842813577
2749;7.53695290486
2750;40.5607299516
2751;151.542602058
2752;7.20723985821
2753;56.3598440252
2754;6.26495150742
2755;3.8466421763
2756;2.48029177422
2757;5.52480559099
2758;6.2405094519
2759;2.93203980702
2760;2.1686054886
2761;28.1624818291
2762;8.86307092656
2763;1.84891989062
2764;1.58495400145
2765;6.56128229129
2766;18.6808036112
2767;10.3612013171
2768;286.299680079
2769;2.09166933729
2770;18.1439445702
2771;6.54733709347
2772;7.03756317124
2773;3.78200256014
2774;40.6843099754
2775;12.4770163355
2776;6.94527479249
2777;18.6100024978
2778;7.01622132745
2779;7.99437795511
2780;7.77474957216
2781;6.20883684526
2782;1.74754964626
2783;19.7520919257
2784;5.63939168093
2785;1.92478202136
2786;20.9339013736
2787;15.754763158
2788;3.7592947203
2789;5.27880178409
2790;3.07397371017
2791;3.87353265892
2792;8.75891498636
2793;3.65921244311
2794;42.9579244912
2795;5.85984266348
2796;4.85344648166
2797;2.84022370096
2798;23.7083060102
2799;8.63296593909
2800;2.70342211299
2801;5.24114726605
2802;10.3667941842
2803;5.18865638194
2804;1.45964572558
2805;107.123252985
2806;2.20551201863
2807;1.64901723903
2808;41.656911032
2809;7.8124482952
2810;17.5379426938
2811;31.649924345
2812;55.8628291051
2813;43.5315787605
2814;6.34673163125
2815;12.3433645804
2816;18.6630781401
2817;6.21096565111
2818;10.7550719325
2819;18.5088651161
2820;11.3011525926
2821;1.9490334486
2822;40.3346769667
2823;7.36830138644
2824;3.24222775022
2825;7.24359566696
2826;40.5770622301
2827;1.76085693223
2828;18.5591526351
2829;3.16116371861
2830;2.15357342141
2831;2.3011683965
2832;1.46636000709
2833;7.73047845216
2834;28.2758474213
2835;4.86500178577
2836;53.9184346436
2837;3.42409098468
2838;30.664049474
2839;1.80147498657
2840;3.00110334776
2841;2.9843615494
2842;150.053489085
2843;6.305474423
2844;22.804159914
2845;12.1494564909
2846;7.88325412888
2847;67.9923302682
2848;18.4051315187
2849;2.38461505356
2850;60.8532424467
2851;11.1213817415
2852;269.058367554
2853;1.65912386487
2854;13.7670814339
2855;11.9324903981
2856;3.81442877992
2857;6.62102361416
2858;20.5867426275
2859;4.05136413675
2860;21.0805610993
2861;589.457473795
2862;4.00153213593
2863;1.98770306621
2864;4.56385467754
2865;5.83630221645
2866;6.44368353793
2867;28.4612739819
2868;20.6413255793
2869;10.4871636538
2870;3.43466710654
2871;24.5193954182
2872;14.6405776819
2873;26.9049879519
2874;13.6197286551
2875;1.68791167773
2876;14.778255407
2877;95.248095288
2878;60.8759023642
2879;6.26062033786
2880;3.60303153461
2881;1.55266454265
2882;5.1801957021
2883;84.6797492596
2884;77.2010245731
2885;3.78594185811
2886;7.14495050027
2887;19.7878918848
2888;4.01492858611
2889;5.54974322987
2890;67.1223769653
2891;28.0463353546
2892;46.6990105768
2893;6.35948454759
2894;9.32230408685
2895;12.357789573
2896;1.08010020156
2897;42.8801261888
2898;1.08
2899;4.98539982974
2900;416.39786469
2901;1.64901723903
2902;40.3491206752
2903;29.6647734009
2904;45.4359107742
2905;5.26758921151
2906;7.91775291326
2907;7.50200321411
2908;6.35803200527
2909;14.8937862315
2910;25.1783320601
2911;8.17863760683
2912;7.03021638983
2913;4.79219511849
2914;5.11793236198
2915;12.9045508716
2916;6.79785482337
2917;25.2640333413
2918;64.7692454447
2919;7.26884678486
2920;22.493536332
2921;4.04622968424
2922;1.49864242925
2923;3.52907149928
2924;56.2107530322
2925;1.76085693223
2926;17.0163549908
2927;3.92691890068
2928;6.39700439281
2929;9.87099318181
2930;7.55301045628
2931;1.76001104238
2932;27.5001292327
2933;6.26495150742
2934;2.12003970775
2935;3.77505276789
2936;4.83615932261
2937;4.01276498245
2938;4.01731777896
2939;61.8098957216
2940;23.1665995666
2941;10.4530553543
2942;6.35978089282
2943;7.02808954039
2944;3.64655932274
2945;24.9399074596
2946;3.26458150676
2947;42.5019055224
2948;23.6750716463
2949;3.70552478822
2950;6.29989889573
2951;42.8801261888
2952;2.20514579445
2953;3.99301039857
2954;21.7928377322
2955;15.6408036752
2956;23.1547589671
2957;4.54270386843
2958;6.98718161671
2959;4.06147392139
2960;13.45
2961;29.4040328783
2962;4.7797486106
2963;10.4098858512
2964;187.547119444
2965;6.29040320954
2966;65.6712309105
2967;1.80017729916
2968;53.8448043209
2969;13.9441989795
2970;43.8981174987
2971;62.2310276576
2972;6.20883684526
2973;4.08117314464
2974;10.6916380932
2975;7.52875187265
2976;20.4027143857
2977;6.44405468884
2978;18.1836411093
2979;2.46141519345
2980;1.66139388205
2981;6.47809972567
2982;18.3869583813
2983;6.08699056695
2984;40.0464035336
2985;9.73958855529
2986;8.36984649468
2987;8.12948227418
2988;4.7797486106
2989;3.70552478822
2990;3.4386959297
2991;60.8759023642
2992;40.2403609469
2993;4.19143025462
2994;5.07529770459
2995;12.0052264344
2996;6.31303053823
2997;33.9941059825
2998;7.7562671469
2999;6.73667911163
3000;16.6237809389
3001;8.03625296283
3002;6.29748181408
3003;153.035860328
3004;1.59015362441
3005;50.5534661362
3006;1.13716728171
3007;5.00230500432
3008;6.26141252004
3009;78.6674098244
3010;127.553211771
3011;18.6228110093
3012;8.64249645288
3013;2.68195364388
3014;3.99213085514
3015;6.3423692974
3016;11.7287305896
3017;2.50611964417
3018;5.45568156061
3019;40.0015399088
3020;497.464849394
3021;7.37763656834
3022;4.57361423974
3023;2.05832676062
3024;5.2596328837
3025;4.7797486106
3026;10.0246034715
3027;6.28667945452
3028;43.0342173725
3029;3.92550562298
3030;77.3014606584
3031;4.42193075345
3032;21.0167155857
3033;3.78289564284
3034;2.79471991326
3035;102.766903354
3036;2.07081069829
3037;6.355534008
3038;59.9638558048
3039;23.7097141513
3040;4.75528470277
3041;4.14271988848
3042;14.1217747259
3043;1.77095354525
3044;6.35667909279
3045;7.36400807682
3046;5.37822976147
3047;71.844325793
3048;11.1968982981
3049;17.9748491331
3050;7.84822058219
3051;43.3526246031
3052;8.1941000546
3053;6.51466437001
3054;6.53178105413
3055;6.52825805401
3056;29.7067565873
3057;7.11886647882
3058;2.43250218041
3059;31.4098478024
3060;25.6012841829
3061;9.61000197485
3062;26.6189584238
3063;4.16725970458
3064;11.8321675395
3065;1.14107295752
3066;1.14107295752
3067;16.7945292022
3068;19.2845808357
3069;3.64655932274
3070;3.7592947203
3071;2.05417313245
3072;54.4110230855
3073;7.37840740193
3074;8.02843621972
3075;2.42224712407
3076;3.29243280744
3077;5.37822976147
3078;18.5125439738
3079;2.15815539675
3080;1.58740958681
3081;65.3066868524
3082;23.7050489799
3083;31.8450322845
3084;9.65896941837
3085;3.12095983771
3086;1.45431318536
3087;10.7910017344
3088;26.3141095311
3089;50.4178700741
3090;6.55157644901
3091;8.96471449804
3092;3.19919246866
3093;6.22507859678
3094;21.1426094647
3095;3.8466421763
3096;1.58823135977
3097;12.5782203371
3098;6.2405094519
3099;6.52832946314
3100;2.47232177667
3101;243.28053692
3102;6.10490558818
3103;1.13238489702
3104;2.73647239046
3105;3.19040451545
3106;1.9203422588
3107;32.304379555
3108;7.97149815649
3109;14.8937862315
3110;3.07532862154
3111;6.36119905181
3112;4.71322695508
3113;1.69284735883
3114;153.353858563
3115;21.4828540274
3116;2.57259897738
3117;9.95781736086
3118;3.813370253
3119;2.66780809509
3120;6.8627956279
3121;20.2615902072
3122;1.84195047222
3123;2.13362970596
3124;18.6211593955
3125;20.8934611211
3126;23.6787306225
3127;4.46562487045
3128;1.33174917309
3129;189.284263115
3130;2.10926184847
3131;7.91423262755
3132;6.51543266051
3133;13.0423934701
3134;1.7122240439
3135;2.53079731852
3136;9.56992622389
3137;16.9597065967
3138;7.30387817091
3139;2.03431038999
3140;10.5403215577
3141;18.8689111799
3142;6.36997845076
3143;1.58941936648
3144;30.7741211133
3145;21.0201679795
3146;3.47359853769
3147;2.52384007155
3148;27.5002380642
3149;1.54137621181
3150;1.43932857787
3151;4.33276561901
3152;23.71
3153;1.72207935896
3154;6.16662582393
3155;7.40814741173
3156;43.8981174987
3157;21.6867331608
3158;1.49230939961
3159;47.1125427738
3160;55.3668884291
3161;14.6833481304
3162;3.60053698655
3163;18.5170470389
3164;9.96514421982
3165;2.35624391717
3166;42.3975620766
3167;2.41377492252
3168;24.5232134828
3169;6.35547945014
3170;18.5704834385
3171;24.1198646141
3172;1.08
3173;3.91158170154
3174;5.02737995234
3175;18.6070949951
3176;1.69556915936
3177;5.95167784902
3178;16.9172922927
3179;30.7741211133
3180;6.26882062519
3181;8.98363467273
3182;48.0850006466
3183;18.3508634422
3184;1.84195047222
3185;1.08170841182
3186;15.4657383235
3187;8.41419677974
3188;16.4957973396
3189;2.70647571547
3190;8.25425230003
3191;54.5938505828
3192;2.37713540677
3193;9.73640758247
3194;2.05638452204
3195;46.2986681441
3196;23.7083060102
3197;14.6278680414
3198;2.95575660655
3199;36.5863174588
3200;6.65912252778
3201;294.412388665
3202;1.4452725367
3203;4.10437948432
3204;6.16492883466
3205;7.93608868036
3206;134.654110261
3207;5.72167944802
3208;17.4869738625
3209;3.60303153461
3210;16.8389406392
3211;7.94852766584
3212;6.31029117168
3213;6.35024680832
3214;3.95427079617
3215;4.86500178577
3216;7.25180126515
3217;4.49487215845
3218;3.32379162839
3219;8.08369244703
3220;11.8600554322
3221;7.77474957216
3222;6.37005239347
3223;10.1606637775
3224;18.3637711332
3225;2.22721440056
3226;6.76884336998
3227;8.04021698987
3228;4.66193752843
3229;3.66411713366
3230;18.3279609327
3231;5.05833363461
3232;17.8569701585
3233;5.38108967087
3234;100.134644625
3235;27.4336139128
3236;6.35461658567
3237;39.8670328327
3238;9.70133121112
3239;2.29705674016
3240;33.7780118439
3241;2.51888474824
3242;12.1092147698
3243;7.7562671469
3244;18.5217284958
3245;1.97922745755
3246;4.96967772257
3247;13.0635580186
3248;17.4780199292
3249;13.6197286551
3250;7.92590032107
3251;36.7897478555
3252;6.20388787326
3253;10.9061068147
3254;1.95001351813
3255;4.51850099175
3256;2.15815539675
3257;7.07919094097
3258;1.86649658446
3259;18.2703732181
3260;10.5237400694
3261;19.2995507093
3262;22.8335363584
3263;3.64655932274
3264;43.7941564054
3265;7.22634342966
3266;5.07223119847
3267;13.9007557517
3268;13.45
3269;208.941837184
3270;7.44115177184
3271;240.450719918
3272;6.26840519536
3273;50.954987419
3274;6.3901495652
3275;7.55496077372
3276;6.06229374135
3277;7.18970481083
3278;5.2912202003
3279;16.1730644293
3280;28.1624818291
3281;1.91674193307
3282;18.3414559471
3283;2.4192205926
3284;4.90739563957
3285;6.36204042815
3286;34.0102000313
3287;6.31029117168
3288;135.850271249
3289;4.97613289992
3290;14.8937862315
3291;1.42878605817
3292;9.6563304684
3293;128.611349873
3294;3.82002915837
3295;7.49458337294
3296;22.7449732796
3297;11.4316530058
3298;14.6335869256
3299;19.2437305346
3300;2.35786005828
3301;6.35334997892
3302;19.9419967429
3303;27.1602824217
3304;3.36858635369
3305;7.87513626793
3306;6.51543266051
3307;4.2939092121
3308;4.47655936488
3309;3.16116371861
3310;3.45574732231
3311;1.83997021462
3312;2.67900853155
3313;2.20525737803
3314;6.67262351703
3315;12.2377705256
3316;100.260029138
3317;32.8489320604
3318;2.11082583034
3319;7.39109426447
3320;21.7692060883
3321;0.972959227135
3322;10.1472532
3323;19.2105085031
3324;7.85084553731
3325;3.32869536471
3326;21.7489459575
3327;50.441551644
3328;16.6259357815
3329;31.3230912472
3330;89.7796176309
3331;1.55495383281
3332;27.7103818157
3333;34.0533114215
3334;7.36830138644
3335;47.5387293933
3336;6.19824028227
3337;19.9380607351
3338;18.3808919052
3339;43.9501034143
3340;3.8466421763
3341;7.1758426678
3342;5.08447235973
3343;16.9106530881
3344;22.4081143563
3345;12.3114541432
3346;5.75206954317
3347;1.84145494327
3348;14.6990455166
3349;28.6395633203
3350;1.83997021462
3351;3.51045396407
3352;3.17345550195
3353;3.88345391665
3354;1.71881997104
3355;16.1331430692
3356;6.47466849473
3357;13.9441989795
3358;6.88191838692
3359;1.97061188015
3360;8.67893628264
3361;13.5409920296
3362;17.3752869202
3363;6.14744968284
3364;10.7550719325
3365;3.9981837722
3366;6.21345846099
3367;10.7752474286
3368;26.4433458366
3369;9.64437769432
3370;3.69535668737
3371;14.8376184161
3372;6.43938206703
3373;5.52559779194
3374;4.02216206596
3375;25.0550372383
3376;1.4452725367
3377;3.26882721752
3378;3.99403696621
3379;471.158815806
3380;8.26584634605
3381;117.802187113
3382;7.27863272908
3383;2.54239790869
3384;2.69649645003
3385;18.5704834385
3386;4.21188233794
3387;24.1100480678
3388;2.74634928691
3389;7.14866032395
3390;14.8807136701
3391;2.17981049214
3392;101.661226055
3393;59.7259752981
3394;3.84924823702
3395;6.38840626608
3396;18.6302004878
3397;23.71
3398;4.82
3399;46.2986681441
3400;1.98799464352
3401;10.3321402329
3402;8.42177751404
3403;1.94982950375
3404;3.09596431102
3405;1.08
3406;18.0070429425
3407;7.89929857436
3408;9.73285311664
3409;7.22634342966
3410;45.3676840508
3411;2.60386153527
3412;7.2076239721
3413;7.59868455497
3414;1.52951456982
3415;6.7997205246
3416;35.3766094479
3417;1.93046675896
3418;2.24130899982
3419;12.2184190775
3420;6.35486764154
3421;10.4083236464
3422;5.1780580595
3423;26.5088707725
3424;8.51421979948
3425;10.8073545535
3426;6.65912252778
3427;6.20339152936
3428;4.790856719
3429;31.7269204931
3430;15.3258875712
3431;7.37840740193
3432;6.35254784729
3433;1.51775215056
3434;4.7797486106
3435;6.02338569564
3436;1.87415940769
3437;2.37464961257
3438;5.44712223555
3439;2.03783220523
3440;13.545267956
3441;42.8817392854
3442;6.87523080573
3443;2.75229852531
3444;43.7678532349
3445;3.08319894124
3446;23.7225424782
3447;2.10211452582
3448;41.656911032
3449;5.27281316956
3450;8.54822840471
3451;6.36062623787
3452;6.34801991814
3453;5.71819708199
3454;8.08369244703
3455;18.4051315187
3456;2.25153719021
3457;51.5724017381
3458;6.20353630181
3459;77.2010245731
3460;4.57361423974
3461;1.50817989978
3462;3.98114402855
3463;8.62904101075
3464;3.1954865615
3465;96.5912678258
3466;15.5398702933
3467;15.9124591779
3468;3.93731704768
3469;6.36273479357
3470;1.77180877889
3471;27.5001292327
3472;5.85826549591
3473;8.66674245979
3474;22.6935542093
3475;11.3006080519
3476;5.91456397089
3477;6.35543825116
3478;19.4274223789
3479;7.52692569085
3480;31.1299280602
3481;23.7050489799
3482;6.80186960898
3483;22.6833442168
3484;5.47369009576
3485;5.58526023256
3486;4.37459102978
3487;6.34746674607
3488;6.15916836989
3489;14.3504579439
3490;8.07743659221
3491;32.0143472956
3492;2.35457269291
3493;11.8125331218
3494;7.91423262755
3495;18.9150229889
3496;41.1316909465
3497;3.70150541742
3498;18.5912513331
3499;6.51790697276
3500;1.51736489785
3501;3.98577917351
3502;5.23778519502
3503;6.50133623759
3504;63.8064105068
3505;6.00579505701
3506;6.97642473678
3507;10.3139407502
3508;4.80662525139
3509;18.6176366131
3510;18.6270460493
3511;5.49310472608
3512;6.31656412922
3513;20.5867426275
3514;2.16598929194
3515;227.331374157
3516;5.85984266348
3517;5.13967147689
3518;9.54136254992
3519;10.9887452209
3520;16.6647357872
3521;25.2738555919
3522;2.92249228053
3523;3.96156297832
3524;34.3933392524
3525;8.63708792153
3526;2.0802465132
3527;144.93
3528;2.96598293761
3529;1.08000613764
3530;18.5786250664
3531;28.0251102156
3532;3.17078169262
3533;154.791267338
3534;5.0538730078
3535;46.8070034946
3536;5.48560837885
3537;17.4231385679
3538;2.44536398151
3539;2.62730377237
3540;6.68257431196
3541;66.2309560499
3542;17.3752869202
3543;23.7116050898
3544;6.52716120564
3545;12.2054128018
3546;18.3637711332
3547;12.1494564909
3548;4.52687490184
3549;1.08
3550;1.8597000989
3551;5.83375880188
3552;2.15815539675
3553;40.5928714932
3554;5.34087526
3555;20.679622392
3556;21.1480230103
3557;2.39866509577
3558;40.3024692172
3559;5.80095512615
3560;60.1252426107
3561;1.69899823168
3562;3.72651651525
3563;10.3166126378
3564;1.45964572558
3565;5.9134400403
3566;3.88345391665
3567;29.0247846493
3568;14.1677638614
3569;9.80282220461
3570;25.6682051822
3571;1.42126523854
3572;7.87676801425
3573;19.594836141
3574;2.26714146027
3575;7.72173406956
3576;17.4412053894
3577;6.83347004603
3578;25.6742731815
3579;7.55200436244
3580;5.49727732843
3581;13.0635580186
3582;8.21791207094
3583;397.614053311
3584;2.08762963044
3585;6.47934874986
3586;5.98157311407
3587;1.72145631421
3588;4.57361423974
3589;23.7116050898
3590;14.592121062
3591;15.6472537965
3592;7.87886435802
3593;7.73627933761
3594;19.2718587265
3595;16.9597065967
3596;9.24807016925
3597;5.80294814499
3598;1.66421767139
3599;18.8689111799
3600;7.11614829943
3601;26.3109898139
3602;2.07022871579
3603;5.29667599923
3604;3.54175531548
3605;4.82878452386
3606;3.01538860812
3607;4.57361423974
3608;22.0835496028
3609;22.804159914
3610;6.3599335881
3611;22.6941560815
3612;4.98539982974
3613;6.53010761426
3614;3.13639949385
3615;54.3245749062
3616;4.7439815557
3617;1.42658114162
3618;5.77690173767
3619;1.5322194949
3620;6.45437897882
3621;32.7126585198
3622;7.39967735509
3623;23.2221404302
3624;6.35486764154
3625;12.8987183954
3626;27.9674862654
3627;10.3972119739
3628;1.58880134354
3629;2.15357342141
3630;6.4556381206
3631;6.27835794467
3632;7.78939833412
3633;5.17103381817
3634;6.70057681461
3635;2.49167699448
3636;17.2630006342
3637;25.7613820493
3638;3.62575088851
3639;6.94717724181
3640;24.5259124829
3641;5.66954000235
3642;16.4876998265
3643;3.23128669133
3644;7.98126829048
3645;5.91134445915
3646;9.47481437689
3647;37.1026280088
3648;53.92
3649;1.87993674544
3650;6.3900827191
3651;21.8565846598
3652;6.21438382067
3653;102.766903354
3654;9.92361223075
3655;7.72290983876
3656;6.16108683239
3657;1.17898393458
3658;19.7520919257
3659;3.81517913406
3660;153.583400394
3661;50.1188974865
3662;14.232708043
3663;38.999181679
3664;24.2997515667
3665;107.21022197
3666;53.92
3667;3.90569671263
3668;42.4851607639
3669;7.75888669851
3670;66.701979083
3671;4.36684771204
